feature,t-statistic,p-value
PFS_3,-inf,0.0
PFS_6,-3.9972816850411252,0.0006539483931856828
serine,1.4999015075508286,0.14852492936270476
glycine,1.6328435135504622,0.11740705173106321
daidzein,4.417679717924578,0.00023933959591363054
delttoco,2.2636035994081483,0.03431299038643605
