feature,t-statistic,p-value
PFS_3,-3.9972816850411252,0.0006539483931856828
PFS_6,-inf,0.0
serine,1.1435363024372884,0.2656848572754278
glycine,0.9578011535579043,0.3490609769924441
daidzein,2.3460769683522114,0.028866101721151356
delttoco,2.057512459514152,0.052266089860981885
